pdf_page	manual_page	table	chip	pin	signature	alternative	note
77	5-35	FPC	U1	1	96F6		
77	5-35	FPC	U1	2	0000		
77	5-35	FPC	U1	3	0000		
77	5-35	FPC	U1	4	96F6		
77	5-35	FPC	U1	5	0000		
77	5-35	FPC	U1	6	0000		
77	5-35	FPC	U1	7	80F0		
77	5-35	FPC	U1	8	0000		
77	5-35	FPC	U1	9	C869		
77	5-35	FPC	U1	10	80F0		
77	5-35	FPC	U1	11	-		
77	5-35	FPC	U1	12	AP4F		
77	5-35	FPC	U1	13	388A		
77	5-35	FPC	U1	14	1686		
77	5-35	FPC	U1	15	-		
77	5-35	FPC	U1	16	96F6		
77	5-35	FPC	U2	1	96F6		
77	5-35	FPC	U2	2	0000		
77	5-35	FPC	U2	3	0000		
77	5-35	FPC	U2	4	96F6		
77	5-35	FPC	U2	5	0000		
77	5-35	FPC	U2	6	96F6		
77	5-35	FPC	U2	7	96F6		
77	5-35	FPC	U2	8	0000		
77	5-35	FPC	U2	9	C869		
77	5-35	FPC	U2	10	388A		
77	5-35	FPC	U2	11	-		
77	5-35	FPC	U2	12	-		
77	5-35	FPC	U2	13	H48C		
77	5-35	FPC	U2	14	-		
77	5-35	FPC	U2	15	80F0		
77	5-35	FPC	U2	16	96F6		
77	5-35	FPC	U3	1	96F6		
77	5-35	FPC	U3	2	-		
77	5-35	FPC	U3	3	5151		
77	5-35	FPC	U3	4	0000		
77	5-35	FPC	U3	5	96F6		
77	5-35	FPC	U3	6	-		
77	5-35	FPC	U3	7	-		
77	5-35	FPC	U3	8	0000		
77	5-35	FPC	U3	9	-		
77	5-35	FPC	U3	10	5F99		
77	5-35	FPC	U3	11	96F6		
77	5-35	FPC	U3	12	0000		
77	5-35	FPC	U3	13	UC7P		
77	5-35	FPC	U3	14	AP4F		
77	5-35	FPC	U3	15	96F6		
77	5-35	FPC	U3	16	96F6		
77	5-35	FPC	U4	1	0000		
77	5-35	FPC	U4	2	4C63		
77	5-35	FPC	U4	3	96F6		
77	5-35	FPC	U4	4	4C63		
77	5-35	FPC	U4	5	0000		
77	5-35	FPC	U4	6	-		
77	5-35	FPC	U4	7	0000		
77	5-35	FPC	U4	8	0000		
77	5-35	FPC	U4	9	96F6		
77	5-35	FPC	U4	10	H30A		
77	5-35	FPC	U4	11	96F6		
77	5-35	FPC	U4	12	5151		
77	5-35	FPC	U4	13	H30A		
77	5-35	FPC	U4	14	5151		
77	5-35	FPC	U4	15	0000		
77	5-35	FPC	U4	16	96F6		
77	5-35	FPC	U5	1	AU07		
77	5-35	FPC	U5	2	P11U		
77	5-35	FPC	U5	3	-		
77	5-35	FPC	U5	4	1C7C		
77	5-35	FPC	U5	5	CHC5		
77	5-35	FPC	U5	6	96F6		
77	5-35	FPC	U5	7	0000		
77	5-35	FPC	U5	8	H30A		
77	5-35	FPC	U5	9	2712		
77	5-35	FPC	U5	10	-		
77	5-35	FPC	U5	11	-		
77	5-35	FPC	U5	12	96F6		
77	5-35	FPC	U5	13	1H0P		
77	5-35	FPC	U5	14	96F6		
77	5-35	FPC	U6	1	AU07		
77	5-35	FPC	U6	2	P11U		
77	5-35	FPC	U6	3	1H0P		
77	5-35	FPC	U6	4	1358		
77	5-35	FPC	U6	5	1C7C		
77	5-35	FPC	U6	6	CHC5		
77	5-35	FPC	U6	7	26HC		
77	5-35	FPC	U6	8	0000		
77	5-35	FPC	U6	9	6HU5		
77	5-35	FPC	U6	10	72A7		
77	5-35	FPC	U6	11	7FU6		
77	5-35	FPC	U6	12	38UP		
77	5-35	FPC	U6	13	0000		
77	5-35	FPC	U6	14	0000		
77	5-35	FPC	U6	15	0000		
77	5-35	FPC	U6	16	96F6		
77	5-35	FPC	U7	1	4C63		
77	5-35	FPC	U7	2	0000		
77	5-35	FPC	U7	3	-		
77	5-35	FPC	U7	4	-		
77	5-35	FPC	U7	5	-		
77	5-35	FPC	U7	6	-		
77	5-35	FPC	U7	7	96F6		
77	5-35	FPC	U7	8	-		
77	5-35	FPC	U7	9	96F6		
77	5-35	FPC	U7	10	2712		
77	5-35	FPC	U7	11	0000		
77	5-35	FPC	U7	12	AU07		
77	5-35	FPC	U7	13	P11U		
77	5-35	FPC	U7	14	1H0P		
77	5-35	FPC	U7	15	0000		
77	5-35	FPC	U7	16	96F6		
77	5-35	FPC	U8	1	4C63		
77	5-35	FPC	U8	2	0000		
77	5-35	FPC	U8	3	-		
77	5-35	FPC	U8	4	-		
77	5-35	FPC	U8	5	-		
77	5-35	FPC	U8	6	-		
77	5-35	FPC	U8	7	96F6		
77	5-35	FPC	U8	8	-		
77	5-35	FPC	U8	9	-		
77	5-35	FPC	U8	10	96F6		
77	5-35	FPC	U8	11	1358		
77	5-35	FPC	U8	12	26HC		
77	5-35	FPC	U8	13	CHC5		
77	5-35	FPC	U8	14	1C7C		
77	5-35	FPC	U8	15	2712		
77	5-35	FPC	U8	16	96F6		
78	5-36	FPC	U12	1	0000		
78	5-36	FPC	U12	2	-		
78	5-36	FPC	U12	3	96F6		
78	5-36	FPC	U12	4	-		
78	5-36	FPC	U12	5	-		
78	5-36	FPC	U12	6	-		
78	5-36	FPC	U12	7	0000		
78	5-36	FPC	U12	8	3UCU		
78	5-36	FPC	U12	9	C869		
78	5-36	FPC	U12	10	87H6		
78	5-36	FPC	U12	11	UC7P		
78	5-36	FPC	U12	12	H48C		
78	5-36	FPC	U12	13	1686		
78	5-36	FPC	U12	14	96F6		
78	5-36	FPC	U13	1	-		
78	5-36	FPC	U13	2	-		
78	5-36	FPC	U13	3	-		
78	5-36	FPC	U13	4	-		
78	5-36	FPC	U13	5	-		
78	5-36	FPC	U13	6	-		
78	5-36	FPC	U13	7	0000		
78	5-36	FPC	U13	8	5940		
78	5-36	FPC	U13	9	4325		
78	5-36	FPC	U13	10	1A65		
78	5-36	FPC	U13	11	-		dash followed by a stray speck/comma
78	5-36	FPC	U13	12	-		
78	5-36	FPC	U13	13	-		
78	5-36	FPC	U13	14	96F6		
78	5-36	FPC	U14	1	-		
78	5-36	FPC	U14	2	-		
78	5-36	FPC	U14	3	C869		
78	5-36	FPC	U14	4	1110		
78	5-36	FPC	U14	5	HP96		
78	5-36	FPC	U14	6	5940		
78	5-36	FPC	U14	7	0000		
78	5-36	FPC	U14	8	-		
78	5-36	FPC	U14	9	-		
78	5-36	FPC	U14	10	-		
78	5-36	FPC	U14	11	388A		
78	5-36	FPC	U14	12	-		
78	5-36	FPC	U14	13	2PAU		
78	5-36	FPC	U14	14	96F6		
78	5-36	FPC	U15	1	0000		
78	5-36	FPC	U15	2	-		
78	5-36	FPC	U15	3	5151		
78	5-36	FPC	U15	4	-		
78	5-36	FPC	U15	5	-		
78	5-36	FPC	U15	6	-		
78	5-36	FPC	U15	7	0000		
78	5-36	FPC	U15	8	C869		
78	5-36	FPC	U15	9	2PAU		
78	5-36	FPC	U15	10	87H6		
78	5-36	FPC	U15	11	1110		
78	5-36	FPC	U15	12	-		
78	5-36	FPC	U15	13	-		
78	5-36	FPC	U15	14	96F6		
78	5-36	FPC	U16	1	96F6		
78	5-36	FPC	U16	2	0000		
78	5-36	FPC	U16	3	96F6		
78	5-36	FPC	U16	4	96F6		
78	5-36	FPC	U16	5	96F6		
78	5-36	FPC	U16	6	-		
78	5-36	FPC	U16	7	36UA		
78	5-36	FPC	U16	8	0000		
78	5-36	FPC	U16	9	UC33		
78	5-36	FPC	U16	10	36UA		
78	5-36	FPC	U16	11	-		
78	5-36	FPC	U16	12	36UA		
78	5-36	FPC	U16	13	-		
78	5-36	FPC	U16	14	-		
78	5-36	FPC	U16	15	-		
78	5-36	FPC	U16	16	96F6		
78	5-36	FPC	U17	1	AU07		
78	5-36	FPC	U17	2	-		
78	5-36	FPC	U17	3	-		
78	5-36	FPC	U17	4	-		
78	5-36	FPC	U17	5	-		
78	5-36	FPC	U17	6	-		
78	5-36	FPC	U17	7	0000		
78	5-36	FPC	U17	8	UC33		
78	5-36	FPC	U17	9	6HU5		
78	5-36	FPC	U17	10	-		
78	5-36	FPC	U17	11	-		
78	5-36	FPC	U17	12	77H9		
78	5-36	FPC	U17	13	P11U		
78	5-36	FPC	U17	14	96F6		
78	5-36	FPC	U18	1	96F6		
78	5-36	FPC	U18	2	-		
78	5-36	FPC	U18	3	6C8P		
78	5-36	FPC	U18	4	41HA		
78	5-36	FPC	U18	5	38UP		
78	5-36	FPC	U18	6	-		
78	5-36	FPC	U18	7	41HA		
78	5-36	FPC	U18	8	0000		
78	5-36	FPC	U18	9	0000		
78	5-36	FPC	U18	10	3P7C		
78	5-36	FPC	U18	11	A8CH		
78	5-36	FPC	U18	12	7FU6		
78	5-36	FPC	U18	13	72A7		
78	5-36	FPC	U18	14	-		
78	5-36	FPC	U18	15	3953		
78	5-36	FPC	U18	16	96F6		
78	5-36	FPC	U23	1	96F6		
78	5-36	FPC	U23	2	-		
78	5-36	FPC	U23	3	428H		
78	5-36	FPC	U23	4	9U57		
78	5-36	FPC	U23	5	P3A1		
78	5-36	FPC	U23	6	A12F		
78	5-36	FPC	U23	7	010H		
78	5-36	FPC	U23	8	0000		
78	5-36	FPC	U23	9	2PAU		
78	5-36	FPC	U23	10	3UCU		
78	5-36	FPC	U23	11	0000		
78	5-36	FPC	U23	12	6211		
78	5-36	FPC	U23	13	2U46		
78	5-36	FPC	U23	14	4325		
78	5-36	FPC	U23	15	1A65		
78	5-36	FPC	U23	16	96F6		
78	5-36	FPC	U24	1	96F6		
78	5-36	FPC	U24	2	-		
78	5-36	FPC	U24	3	HHHA		
78	5-36	FPC	U24	4	PA30		
78	5-36	FPC	U24	5	P3A1		
78	5-36	FPC	U24	6	H44C		
78	5-36	FPC	U24	7	010H		
78	5-36	FPC	U24	8	0000		
78	5-36	FPC	U24	9	2PAU		
78	5-36	FPC	U24	10	3UCU		
78	5-36	FPC	U24	11	0000		
78	5-36	FPC	U24	12	76CC		
78	5-36	FPC	U24	13	2513		
78	5-36	FPC	U24	14	52A5		
78	5-36	FPC	U24	15	010H		
78	5-36	FPC	U24	16	96F6		
78	5-36	FPC	U25	1	96F6		
78	5-36	FPC	U25	2	96F6		
78	5-36	FPC	U25	3	-		
78	5-36	FPC	U25	4	96F6		
78	5-36	FPC	U25	5	-		
78	5-36	FPC	U25	6	96F6		
78	5-36	FPC	U25	7	-		
78	5-36	FPC	U25	8	36UA		
78	5-36	FPC	U25	9	-		
78	5-36	FPC	U25	10	0000		
78	5-36	FPC	U25	11	96F6		
78	5-36	FPC	U25	12	-		
78	5-36	FPC	U25	13	96F6		
78	5-36	FPC	U25	14	-		
78	5-36	FPC	U25	15	96F6		
78	5-36	FPC	U25	16	-		
78	5-36	FPC	U25	17	96F6		
78	5-36	FPC	U25	18	-		
78	5-36	FPC	U25	19	96F6		
78	5-36	FPC	U25	20	96F6		
79	5-37	FPC	U26	1	96F6		
79	5-37	FPC	U26	2	7C6U		
79	5-37	FPC	U26	3	-		
79	5-37	FPC	U26	4	96F6		
79	5-37	FPC	U26	5	-		
79	5-37	FPC	U26	6	96F6		
79	5-37	FPC	U26	7	-		
79	5-37	FPC	U26	8	96F6		
79	5-37	FPC	U26	9	-		
79	5-37	FPC	U26	10	0000		
79	5-37	FPC	U26	11	HC53		
79	5-37	FPC	U26	12	-		
79	5-37	FPC	U26	13	0000		
79	5-37	FPC	U26	14	-		
79	5-37	FPC	U26	15	0000		
79	5-37	FPC	U26	16	-		
79	5-37	FPC	U26	17	0000		
79	5-37	FPC	U26	18	-		
79	5-37	FPC	U26	19	96F6		
79	5-37	FPC	U26	20	96F6		
79	5-37	FPC	U27	1	96F6		
79	5-37	FPC	U27	2	-		
79	5-37	FPC	U27	3	AH63		
79	5-37	FPC	U27	4	AH63		
79	5-37	FPC	U27	5	AH63		
79	5-37	FPC	U27	6	AH63		
79	5-37	FPC	U27	7	7C6U		
79	5-37	FPC	U27	8	0000		
79	5-37	FPC	U27	9	6HU5		
79	5-37	FPC	U27	10	36UA		
79	5-37	FPC	U27	11	0000		
79	5-37	FPC	U27	12	0000		
79	5-37	FPC	U27	13	0000		
79	5-37	FPC	U27	14	0000		
79	5-37	FPC	U27	15	HC53		
79	5-37	FPC	U27	16	96F6		
79	5-37	FPC	U28	1	96F6		
79	5-37	FPC	U28	2	-		
79	5-37	FPC	U28	3	AH63		
79	5-37	FPC	U28	4	CA1F		
79	5-37	FPC	U28	5	735H		
79	5-37	FPC	U28	6	0A75		
79	5-37	FPC	U28	7	96F6		
79	5-37	FPC	U28	8	0000		
79	5-37	FPC	U28	9	6HU5		
79	5-37	FPC	U28	10	36UA		
79	5-37	FPC	U28	11	0000		
79	5-37	FPC	U28	12	96F6		
79	5-37	FPC	U28	13	96F6		
79	5-37	FPC	U28	14	96F6		
79	5-37	FPC	U28	15	7C6U		
79	5-37	FPC	U28	16	96F6		
79	5-37	FPC	U34	1	96F6		
79	5-37	FPC	U34	2	-		
79	5-37	FPC	U34	3	HHHA		
79	5-37	FPC	U34	4	PA30		
79	5-37	FPC	U34	5	P3A1		
79	5-37	FPC	U34	6	H44C		
79	5-37	FPC	U34	7	010H		
79	5-37	FPC	U34	8	0000		
79	5-37	FPC	U34	9	2PAU		
79	5-37	FPC	U34	10	3UCU		
79	5-37	FPC	U34	11	0000		
79	5-37	FPC	U34	12	76CC		
79	5-37	FPC	U34	13	2513		
79	5-37	FPC	U34	14	52A5		
79	5-37	FPC	U34	15	010H		
79	5-37	FPC	U34	16	96F6		
79	5-37	FPC	U35	1	96F6		
79	5-37	FPC	U35	2	-		
79	5-37	FPC	U35	3	HHHA		
79	5-37	FPC	U35	4	PA30		
79	5-37	FPC	U35	5	P3A1		
79	5-37	FPC	U35	6	H44C		
79	5-37	FPC	U35	7	-		
79	5-37	FPC	U35	8	0000		
79	5-37	FPC	U35	9	2PAU		
79	5-37	FPC	U35	10	3UCU		
79	5-37	FPC	U35	11	0000		
79	5-37	FPC	U35	12	-		
79	5-37	FPC	U35	13	-		
79	5-37	FPC	U35	14	-		"dash with a stray dot above it; pin14 printed as a dash with stray specks above/below (looks like a division sign); read as ""-"""
79	5-37	FPC	U35	15	010H		
79	5-37	FPC	U35	16	96F6		
79	5-37	FPC	U36	1	5151		
79	5-37	FPC	U36	2	HHHA		
79	5-37	FPC	U36	3	-		
79	5-37	FPC	U36	4	-		
79	5-37	FPC	U36	5	PA30		
79	5-37	FPC	U36	6	P3A1		
79	5-37	FPC	U36	7	-		
79	5-37	FPC	U36	8	-		
79	5-37	FPC	U36	9	H44C		
79	5-37	FPC	U36	10	0000		
79	5-37	FPC	U36	11	0000		
79	5-37	FPC	U36	12	HHHA		
79	5-37	FPC	U36	13	-		
79	5-37	FPC	U36	14	-		
79	5-37	FPC	U36	15	PA30		
79	5-37	FPC	U36	16	P3A1		
79	5-37	FPC	U36	17	-		
79	5-37	FPC	U36	18	-		
79	5-37	FPC	U36	19	H44C		
79	5-37	FPC	U36	20	96F6		
79	5-37	FPC	U37	1	5151		
79	5-37	FPC	U37	2	428H		
79	5-37	FPC	U37	3	-		
79	5-37	FPC	U37	4	-		
79	5-37	FPC	U37	5	9U57		
79	5-37	FPC	U37	6	P3A1		
79	5-37	FPC	U37	7	-		
79	5-37	FPC	U37	8	-		
79	5-37	FPC	U37	9	A12F		
79	5-37	FPC	U37	10	0000		
79	5-37	FPC	U37	11	0000		
79	5-37	FPC	U37	12	HHHA		
79	5-37	FPC	U37	13	-		
79	5-37	FPC	U37	14	-		
79	5-37	FPC	U37	15	PA30		
79	5-37	FPC	U37	16	P3A1		
79	5-37	FPC	U37	17	-		
79	5-37	FPC	U37	18	-		
79	5-37	FPC	U37	19	H44C		
79	5-37	FPC	U37	20	96F6		
79	5-37	FPC	U38	1	96F6		
79	5-37	FPC	U38	2	-		
79	5-37	FPC	U38	3	2550		
79	5-37	FPC	U38	4	P0C4		
79	5-37	FPC	U38	5	H808		pin5 H808: last glyph has a broken upper-left stroke (8 vs 3); read 8
79	5-37	FPC	U38	6	9U1U		
79	5-37	FPC	U38	7	96F6		
79	5-37	FPC	U38	8	0000		
79	5-37	FPC	U38	9	6HU5		
79	5-37	FPC	U38	10	36UA		
79	5-37	FPC	U38	11	0000		
79	5-37	FPC	U38	12	96F6		
79	5-37	FPC	U38	13	96F6		
79	5-37	FPC	U38	14	96F6		
79	5-37	FPC	U38	15	96F6		
79	5-37	FPC	U38	16	96F6		
80	5-38	FPC	U39	1	96F6		
80	5-38	FPC	U39	2	-		
80	5-38	FPC	U39	3	57UH		
80	5-38	FPC	U39	4	2PP1		
80	5-38	FPC	U39	5	81F2		
80	5-38	FPC	U39	6	9426		
80	5-38	FPC	U39	7	0000		
80	5-38	FPC	U39	8	0000		
80	5-38	FPC	U39	9	6HU5		
80	5-38	FPC	U39	10	36UA		
80	5-38	FPC	U39	11	0000		
80	5-38	FPC	U39	12	36UA		
80	5-38	FPC	U39	13	96F6		
80	5-38	FPC	U39	14	96F6		
80	5-38	FPC	U39	15	96F6		
80	5-38	FPC	U39	16	96F6		
80	5-38	FPC	U40	1	96F6		
80	5-38	FPC	U40	2	0000		
80	5-38	FPC	U40	3	CCC4		
80	5-38	FPC	U40	4	HHHA		
80	5-38	FPC	U40	5	3PAP		
80	5-38	FPC	U40	6	9U57		
80	5-38	FPC	U40	7	0000		
80	5-38	FPC	U40	8	0000		
80	5-38	FPC	U40	9	5151		
80	5-38	FPC	U40	10	0000		
80	5-38	FPC	U40	11	7567		
80	5-38	FPC	U40	12	9U57		
80	5-38	FPC	U40	13	A12F		
80	5-38	FPC	U40	14	HHHA		
80	5-38	FPC	U40	15	-		
80	5-38	FPC	U40	16	96F6		
80	5-38	FPC	U41	1	96F6		
80	5-38	FPC	U41	2	0000		
80	5-38	FPC	U41	3	HHHA		
80	5-38	FPC	U41	4	A12F		
80	5-38	FPC	U41	5	9U57		
80	5-38	FPC	U41	6	7567		
80	5-38	FPC	U41	7	0000		
80	5-38	FPC	U41	8	0000		
80	5-38	FPC	U41	9	C869		
80	5-38	FPC	U41	10	0000		
80	5-38	FPC	U41	11	F543		
80	5-38	FPC	U41	12	6HUP		
80	5-38	FPC	U41	13	49P0		
80	5-38	FPC	U41	14	779C		
80	5-38	FPC	U41	15	-		
80	5-38	FPC	U41	16	96F6		
80	5-38	FPC	U42	1	0000	000U	zoomed: last char is clearly U (flat-topped), i.e. 000U
80	5-38	FPC	U42	2	779C		
80	5-38	FPC	U42	3	P11U		
80	5-38	FPC	U42	4	C3U7		
80	5-38	FPC	U42	5	49P0		
80	5-38	FPC	U42	6	P11U		
80	5-38	FPC	U42	7	3833		
80	5-38	FPC	U42	8	0000		
80	5-38	FPC	U42	9	0276		
80	5-38	FPC	U42	10	77H9		
80	5-38	FPC	U42	11	6HUP		
80	5-38	FPC	U42	12	43PH		
80	5-38	FPC	U42	13	77H9		
80	5-38	FPC	U42	14	F543		
80	5-38	FPC	U42	15	5F99		
80	5-38	FPC	U42	16	96F6		
80	5-38	FPC	U43	1	96F6		
80	5-38	FPC	U43	2	0000		
80	5-38	FPC	U43	3	0000		
80	5-38	FPC	U43	4	0000		
80	5-38	FPC	U43	5	96F6		
80	5-38	FPC	U43	6	96F6		
80	5-38	FPC	U43	7	1110		
80	5-38	FPC	U43	8	0000		
80	5-38	FPC	U43	9	C869		
80	5-38	FPC	U43	10	96F6		
80	5-38	FPC	U43	11	-		
80	5-38	FPC	U43	12	-		
80	5-38	FPC	U43	13	9P3F		
80	5-38	FPC	U43	14	584H		
80	5-38	FPC	U43	15	HP96		
80	5-38	FPC	U43	16	96F6		
